k,folds,mean_accuracy
4,5,0.8973122284295469
5,5,0.9017628801986344
6,5,0.8950962135319676
7,5,0.8950900062073247
8,5,0.8906331471135941
9,5,0.8939851024208565
10,5,0.8917380509000623
11,5,0.8973246430788329
12,5,0.8973060211049038
4,10,0.9039825218476902
5,10,0.914019975031211
6,10,0.904007490636704
7,10,0.9018102372034956
8,10,0.9051685393258427
9,10,0.9017852684144818
10,10,0.9017977528089887
11,10,0.9028838951310861
12,10,0.9017852684144818
