k,folds,mean_accuracy
4,5,0.8950900062073247
5,5,0.9040347610180012
6,5,0.9062693978895096
7,5,0.9062631905648665
8,5,0.9085102420856611
9,5,0.9040471756672874
10,5,0.9062818125387958
11,5,0.8973494723774053
12,5,0.9040347610180012
4,10,0.9062172284644194
5,10,0.9106741573033708
6,10,0.9084269662921347
7,10,0.9106741573033708
8,10,0.9140074906367042
9,10,0.9129213483146067
10,10,0.9129088639200997
11,10,0.9095131086142324
12,10,0.9095131086142321
