k,folds,mean_accuracy
4,5,0.8482433271260087
5,5,0.8615890751086281
6,5,0.8493234016139043
7,5,0.8705090006207324
8,5,0.8772129112352577
9,5,0.8660335195530727
10,5,0.8615828677839851
11,5,0.8738485412787089
12,5,0.8671756672873991
4,10,0.8650312109862671
5,10,0.8638077403245943
6,10,0.8504993757802746
7,10,0.8682771535580525
8,10,0.8649563046192259
9,10,0.8795131086142322
10,10,0.8728214731585519
11,10,0.8716604244694132
12,10,0.8705742821473159
